date,epiweek,region,fips,positiveIncr,negativeIncr,ttlTestIncr,onVentilation,inIcu,deathIncr,death_jhu_incidence,recovered,covid-net,hospitalizeIncr,hospitalization,n_visits,cases,h_next1,h_next2,d_next1,d_next2
07/03/2020,202010,X,US,520,3192,3712,0,0,22,16,0,0.1,0,0.83289371605896,0.84377897855514,6.95557073630367,0,1964,36,243
14/03/2020,202011,X,US,3221,24317,27538,0,0,36,39,0,0.6,0,0.801256788207913,0.803561118142106,6.9317732305951,1964,11785,243,1732
21/03/2020,202012,X,US,23613,150268,173881,0,0,243,397,0,2.2,1964,0.781411947245927,0.666096329820428,6.82341177136026,11785,24220,1732,6449
28/03/2020,202013,X,US,97443,464289,561732,1139,5265,1732,2433,5814,5.6,11785,0.781861908456167,0.524204930509789,4.03977862330715,24220,20967,6449,12199
04/04/2020,202014,X,US,183937,720021,903958,3793,27571,6449,7948,53658,7.5,24220,0.830488750969744,0.465776144124388,1.72831789597811,20967,21717,12199,13871
11/04/2020,202015,X,US,213935,815757,1029692,29529,70942,12199,13508,156298,7.4,20967,0.758712179984484,0.387695887742545,0.774740394233748,21717,18446,13871,13512
18/04/2020,202016,X,US,201089,823282,1024371,41926,101103,13871,15411,318012,5.8,21717,0.516322730799069,0.271546193639444,0.337081474880298,18446,26697,13512,13804
25/04/2020,202017,X,US,208466,1263258,1471724,38075,105069,13512,14002,584701,,18446,0.143196276183088,0.055040300239702,0.196039213704229,26697,,13804,
02/05/2020,202018,X,US,219781,1636976,1856757,38569,80975,13804,12614,1199578,,26697,,,0.114714031383353,,,,
07/03/2020,202010,AL,1,0,0,0,0,0,0,0,0,,0,,,5.60976229863656,0,0,0,0
14/03/2020,202011,AL,1,6,22,28,0,0,0,0,0,,0,,,6.30106599684764,0,0,0,3
21/03/2020,202012,AL,1,118,6,124,0,0,0,0,0,,0,,,7.06769506154727,0,212,3,40
28/03/2020,202013,AL,1,572,4156,4728,0,0,3,3,0,,0,,,4.5992976030122,212,190,40,48
04/04/2020,202014,AL,1,884,5089,5973,0,0,40,40,0,,212,,,1.94508658904484,190,218,48,55
11/04/2020,202015,AL,1,1611,8785,10396,0,0,48,48,0,,190,,,0.881995801392638,218,219,55,66
18/04/2020,202016,AL,1,1464,19825,21289,0,0,55,55,0,,218,,,0.374355707424009,219,121,66,42
25/04/2020,202017,AL,1,1482,27324,28806,0,0,66,66,0,,219,,,0.171852050683394,121,,42,
02/05/2020,202018,AL,1,981,8400,9381,0,0,42,42,0,,121,,,0.053580780362261,,,,
07/03/2020,202010,AR,5,0,0,0,0,0,0,0.625,0,,0,,,9.96685821105456,0,0,0,0
14/03/2020,202011,AR,5,12,59,71,0,0,0,1.25,0,,0,,,6.97563503602682,0,0,0,5
21/03/2020,202012,AR,5,106,502,608,0,0,0,2.5,0,,0,,,6.15792796120038,0,106,5,9
28/03/2020,202013,AR,5,286,2371,2657,51,0,5,5,67,,0,,,4.28817172831467,106,42,9,10
04/04/2020,202014,AR,5,339,6689,7028,157,0,9,9,320,,106,,,1.27735446807776,42,291,10,14
11/04/2020,202015,AR,5,483,7725,8208,202,0,10,10,1489,,42,,,0.170563397492349,291,0,14,10
18/04/2020,202016,AR,5,513,5050,5563,177,0,14,14,3518,,291,,,0.025288621926779,0,389,10,21
25/04/2020,202017,AR,5,1090,12822,13912,172,0,10,10,5937,,0,,,7.57606268973352E-06,389,,21,
02/05/2020,202018,AR,5,414,8888,9302,108,0,21,21,6354,,389,,,7.25460428754911E-05,,,,
07/03/2020,202010,AS,60,0,0,0,0,0,0,0,0,,0,,,,0,0,0,0
14/03/2020,202011,AS,60,0,0,0,0,0,0,0,0,,0,,,,0,0,0,0
21/03/2020,202012,AS,60,0,0,0,0,0,0,0,0,,0,,,,0,0,0,0
28/03/2020,202013,AS,60,0,0,0,0,0,0,0,0,,0,,,,0,0,0,0
04/04/2020,202014,AS,60,0,3,3,0,0,0,0,0,,0,,,,0,0,0,0
11/04/2020,202015,AS,60,0,0,0,0,0,0,0,0,,0,,,,0,0,0,0
18/04/2020,202016,AS,60,0,0,0,0,0,0,0,0,,0,,,,0,0,0,0
25/04/2020,202017,AS,60,0,0,0,0,0,0,0,0,,0,,,,0,,0,
02/05/2020,202018,AS,60,0,0,0,0,0,0,0,0,,0,,,,,,,
07/03/2020,202010,AZ,4,3,17,20,0,0,0,0.25,0,,0,,,3.99412588776366,0,0,0,1
14/03/2020,202011,AZ,4,7,77,84,0,0,0,0.5,0,,0,,,4.52429805033663,0,0,1,14
21/03/2020,202012,AZ,4,92,119,211,0,0,1,1,0,,0,,,4.58634860378554,0,0,14,37
28/03/2020,202013,AZ,4,769,7215,7984,0,0,14,14,0,,0,,,2.90299756327899,0,0,37,56
04/04/2020,202014,AZ,4,1146,17686,18832,0,0,37,37,0,,0,,,0.436037672610273,0,0,56,69
11/04/2020,202015,AZ,4,1374,11996,13370,0,0,56,56,0,,0,,,0.452571476358063,0,1022,69,89
18/04/2020,202016,AZ,4,1326,9189,10515,1157,1706,69,69,2172,,0,,,0.151348066731463,1022,245,89,56
25/04/2020,202017,AZ,4,1561,9902,11463,1322,2103,89,89,8509,,1022,,,0.34330715382017,245,,56,
02/05/2020,202018,AZ,4,1324,8099,9423,982,1542,56,56,7291,,245,,,0.001523290036978,,,,
07/03/2020,202010,CA,6,16,0,16,0,0,0,2.5,0,0.2,0,,,9.4264067865857,0,0,5,19
14/03/2020,202011,CA,6,183,454,637,0,0,5,5,0,0.9,0,,,9.78740362486467,0,1034,19,77
21/03/2020,202012,CA,6,1027,10333,11360,0,0,19,19,0,1.9,0,,,8.69481001669291,1034,1783,77,175
28/03/2020,202013,CA,6,3364,9300,12664,0,610,77,77,0,3.1,1034,,,3.54541742856117,1783,4344.5,175,333
04/04/2020,202014,CA,6,7383,81125,88508,0,5163,175,175,0,3.1,1783,,,1.36674927744643,4344.5,2763.75,333,463
11/04/2020,202015,CA,6,7446,50930,58376,0,8255,333,333,0,2.9,4344.5,,,0.564347228297004,2763.75,3465.125,463,579
18/04/2020,202016,CA,6,9491,78099,87590,0,9986,463,463,0,1.5,2763.75,,,0.362545518369385,3465.125,3278.4375,579,334
25/04/2020,202017,CA,6,12174,234195,246369,0,10500,579,579,0,,3465.125,,,0.355273056052394,3278.4375,,334,
02/05/2020,202018,CA,6,7118,121804,128922,0,7402,334,334,0,,3278.4375,,,0.169128030424875,,,,
07/03/2020,202010,CO,8,8,36,44,0,0,0,0,0,0,0,,,6.85614431088354,0,44,1,3
14/03/2020,202011,CO,8,93,555,648,0,0,1,1,0,0.6,0,,,7.0567216889904,44,195,3,27
21/03/2020,202012,CO,8,262,2707,2969,0,0,3,3,0,3.6,44,,,6.46029364529754,195,584,27,80
28/03/2020,202013,CO,8,1371,6625,7996,0,0,27,27,0,8.6,195,,,5.20592237881644,584,489,80,139
04/04/2020,202014,CO,8,2439,7956,10395,0,0,80,80,0,11.4,584,,,1.98333960837537,489,443,139,141
11/04/2020,202015,CO,8,2337,8245,10582,0,0,139,139,0,11.7,489,,,0.477510867157954,443,611,141,283
18/04/2020,202016,CO,8,2537,8117,10654,0,0,141,141,0,2.9,443,,,0.042223514343524,611,244,283,88
25/04/2020,202017,CO,8,3209,10273,13482,0,0,283,283,2086,,611,,,0.029848381492481,244,,88,
02/05/2020,202018,CO,8,2479,10181,12660,0,0,88,88,8850,,244,,,0.000506464135074,,,,
07/03/2020,202010,CT,9,0,0,0,0,0,0,0,0,0,0,,,4.88074094093813,0,0,0,4
14/03/2020,202011,CT,9,11,125,136,0,0,0,0,0,0.6,0,,,5.57157347854507,0,0,4,23
21/03/2020,202012,CT,9,183,1981,2164,0,0,4,4,0,4.2,0,,,5.269353087012,0,0,23,138
28/03/2020,202013,CT,9,1097,5003,6100,0,0,23,23,0,17.3,0,,,3.67886076287449,0,0,138,329
04/04/2020,202014,CT,9,3985,9644,13629,0,0,138,138,0,32.7,0,,,2.58767570216643,0,0,329,542
11/04/2020,202015,CT,9,6234,11568,17802,0,0,329,329,0,32,0,,,1.54829111773725,0,0,542,826
18/04/2020,202016,CT,9,5299,10332,15631,0,0,542,542,0,28.3,0,,,0.571357814793605,0,0,826,306
25/04/2020,202017,CT,9,7773,14367,22140,0,0,826,826,0,,0,,,0.457311865250926,0,,306,
02/05/2020,202018,CT,9,2185,15031,17216,0,0,306,306,0,,0,,,0.357142658747834,,,,
07/03/2020,202010,DC,11,0,2,2,0,0,0,0,0,,0,0.001582622187742,0.001931903676012,10.0786818719714,0,0,0,1
14/03/2020,202011,DC,11,10,41,51,0,0,0,0.5,0,,0,0.001349883630721,0.001964709587491,9.92646017302857,0,0,1,3
21/03/2020,202012,DC,11,67,457,524,0,0,1,1,0,,0,0.001303335919317,0.001830569860553,10.2745074591714,0,0,3,17
28/03/2020,202013,DC,11,227,1705,1932,0,0,3,3,121,,0,0.001567106283941,0.00155281314336,4.94639984665714,0,0,17,28
04/04/2020,202014,DC,11,598,3325,3923,0,0,17,17,1049,,0,0.001691233514352,0.001528026454687,1.57339646308571,0,313,28,44
11/04/2020,202015,DC,11,876,2725,3601,0,0,28,28,2490,,0,0.001613653995345,0.001415028315147,1.18592021711429,313,245.5,44,74
18/04/2020,202016,DC,11,888,2341,3229,378,610,44,44,3781,,313,0.001148176881303,0.00084639251617,0.063982275828572,245.5,0,74,40
25/04/2020,202017,DC,11,1033,3001,4034,624,825,74,74,4484,,245.5,0.000372381691234,8.31083090812595E-05,0,0,,40,
02/05/2020,202018,DC,11,407,1520,1927,69,120,40,40,2636,,0,,,0.0546557876,,,,
07/03/2020,202010,DE,10,0,0,0,0,0,0,0,0,,0,0.003522110162917,0.00276517382759,10.1040240009743,0,0,0,0
14/03/2020,202011,DE,10,6,26,32,0,0,0,0,0,,0,0.003910007757952,0.002698832984376,10.1843414936746,0,31,0,3
21/03/2020,202012,DE,10,39,0,39,0,0,0,0,0,,0,0.003289371605896,0.002380251132897,9.11251996701995,31,79.5,3,11
28/03/2020,202013,DE,10,169,0,169,0,0,3,3,22,,31,0.002653219550039,0.001928258574736,6.49616248662297,79.5,150.25,11,19
04/04/2020,202014,DE,10,379,5838,6217,0,0,11,11,280,,79.5,0.003413498836307,0.001790473746523,3.45117552979907,150.25,148.875,19,28
11/04/2020,202015,DE,10,886,4541,5274,0,0,19,19,971,,150.25,0.003072148952677,0.001576141791524,1.6347982175291,148.875,225.5625,28,51
18/04/2020,202016,DE,10,844,2070,2914,0,0,28,28,2259,,148.875,0.00211016291699,0.000944810250608,0.645257204208297,225.5625,213.21875,51,32
25/04/2020,202017,DE,10,1253,2800,3784,0,0,51,51,4280,,225.5625,0.00055857253685,0.000120288342091,0.225309737135878,213.21875,,32,
02/05/2020,202018,DE,10,1079,2761,3840,0,0,32,32,4176,,213.21875,,,0.215112408243514,,,,
07/03/2020,202010,FL,12,12,76,88,0,0,0,0,0,,0,0.095376260667184,0.060079288242945,4.4277860813429,0,158,3,9
14/03/2020,202011,FL,12,63,378,441,0,0,3,3,0,,0,0.092273079906905,0.057968774604434,5.59356068393433,158,368,9,42
21/03/2020,202012,FL,12,581,6101,6682,0,0,9,9,0,,158,0.08977501939488,0.050129619801357,8.22270003195816,368,936,42,137
28/03/2020,202013,FL,12,3105,28787,31892,0,0,42,42,0,,368,0.086020170674942,0.037885724616973,4.96638693358179,936,1199,137,247
04/04/2020,202014,FL,12,7348,55590,62938,0,0,137,137,0,,936,0.080341349883631,0.03077777712976,1.89610689140284,1199,1181,247,316
11/04/2020,202015,FL,12,7383,63483,70866,0,0,247,247,0,,1199,0.064266873545384,0.024152441051422,1.08197071245748,1181,1203,316,321
18/04/2020,202016,FL,12,6775,66819,73594,0,0,316,316,0,,1181,0.03955003878976,0.016513766818497,0.450688938483914,1203,579,321,165
25/04/2020,202017,FL,12,5570,81002,86572,0,0,321,321,0,,1203,0.009526764934057,0.003462117191464,0.04501815440762,579,,165,
02/05/2020,202018,FL,12,2354,38035,40389,0,0,165,165,0,,579,,,0.037036244341891,,,,
07/03/2020,202010,GA,13,4,0,4,0,0,0,0,0,0.3,0,0.025616757176106,0.026395636376361,3.75462942208737,0,0,1,13
14/03/2020,202011,GA,13,60,0,60,0,0,1,1,0,1.5,0,0.025352986811482,0.026677038194829,5.50895688793636,0,617,13,55
21/03/2020,202012,GA,13,441,2557,2998,0,0,13,13,0,3.3,0,0.027525213343677,0.020677201495366,6.14325591993827,617,622,55,132
28/03/2020,202013,GA,13,1859,6128,7987,0,0,55,55,0,2.9,617,0.028844065166796,0.015485119238553,3.89237060327564,622,1240,132,227
04/04/2020,202014,GA,13,3794,11449,15243,0,0,132,132,0,2.5,622,0.027695888285493,0.012752751322443,1.36677954635532,1240,941,227,245
11/04/2020,202015,GA,13,5999,19422,25421,0,0,227,227,0,2.5,1240,0.022730799069046,0.011116100849746,0.720065621328849,941,906,245,231
18/04/2020,202016,GA,13,5510,16983,22493,0,0,245,245,0,1.1,941,0.012738557020947,0.008165026857106,0.226922131246511,906,730,231,189
25/04/2020,202017,GA,13,5026,39780,44806,0,0,231,231,0,,906,0.003289371605896,0.001759125875553,0.027280355467367,730,,189,
02/05/2020,202018,GA,13,2877,22048,24925,0,0,189,189,0,,730,,,0.024860422672595,,,,
07/03/2020,202010,IA,19,0,0,0,0,0,0,0.375,0,0,0,0.007416602017068,0.011273569224847,10.5325315911936,0,0,0,0
14/03/2020,202011,IA,19,17,68,85,0,0,0,0.75,0,0,0,0.007804499612102,0.010713681668932,8.22875299903317,0,61,0,3
21/03/2020,202012,IA,19,51,966,1017,0,0,0,1.5,0,0.8,0,0.006718386346005,0.007861754430985,7.33936138701216,61,92,3,11
28/03/2020,202013,IA,19,230,3326,3556,0,0,3,3,48,0,61,0.005849495733126,0.005122825332579,4.51379711113348,92,40,11,20
04/04/2020,202014,IA,19,488,5079,5567,0,0,11,11,613,0.8,92,0.005321955003879,0.00398482471437,1.28827361162826,40,0,20,40
11/04/2020,202015,IA,19,724,6168,6892,60,110,20,20,2811,5.3,40,0.004918541505043,0.003453368948403,0.028402618399007,0,0,40,38
18/04/2020,202016,IA,19,1003,4812,5815,306,532,40,40,6153,9.1,0,0.003491078355314,0.002367128768306,0.004866347929838,0,0,38,36
25/04/2020,202017,IA,19,2579,8824,11403,404,672,38,38,9946,,0,0.000294802172227,0.000252970028519,0.004454346039899,0,,36,
02/05/2020,202018,IA,19,1751,5236,6987,251,397,36,36,8513,,0,,,0.000102130321278,,,,
07/03/2020,202010,ID,16,0,0,0,0,0,0,0.5,0,,0,0.002808378588053,0.002742574199682,6.83235590466929,0,0,0,0
14/03/2020,202011,ID,16,2,147,149,0,0,0,1,0,,0,0.002761830876649,0.00269081376157,6.47284919648206,0,25,0,4
21/03/2020,202012,ID,16,29,706,735,0,0,0,2,0,,0,0.002575640031032,0.002535532447234,6.33499675015058,25,37,4,6
28/03/2020,202013,ID,16,199,2462,2661,0,0,4,4,0,,25,0.00189294026377,0.00184296320489,3.78952388358708,37,66,6,15
04/04/2020,202014,ID,16,783,4515,5298,0,0,6,6,0,,37,0.001691233514352,0.00187868519739,0.837759494736881,66,23,15,18
11/04/2020,202015,ID,16,383,4511,4894,0,0,15,15,0,,66,0.001303335919317,0.001414299294892,0.43285142567431,23,17,18,11
18/04/2020,202016,ID,16,259,2586,2845,0,0,18,18,843,,23,0.000682699767261,0.000929500825251,0.352210557885911,17,5,11,6
25/04/2020,202017,ID,16,215,2537,2752,0,0,11,11,4931,,17,0.000186190845617,0.000118101281326,0.433669644421445,5,,6,
02/05/2020,202018,ID,16,82,8939,9021,0,0,6,6,4047,,5,,,0,,,,
07/03/2020,202010,IL,17,2,67,69,0,0,0,2,0,,0,0.0322265321955,0.029162997264716,6.96587106835303,0,0,0,6
14/03/2020,202011,IL,17,40,125,165,0,0,0,3,0,,0,0.031171450737006,0.027536553075591,6.42449257440646,0,0,6,41
21/03/2020,202012,IL,17,707,5172,5879,0,0,6,6,0,,0,0.030162916989915,0.021441943742965,6.00975835539876,0,0,41,196
28/03/2020,202013,IL,17,2738,16512,19250,0,0,41,41,0,,0,0.032055857253685,0.015801514029266,4.04399085462561,0,3680,196,434
04/04/2020,202014,IL,17,6866,21224,28090,0,0,196,196,0,,0,0.037315748642359,0.015112589888198,1.40987479584502,3680,2500,434,582
11/04/2020,202015,IL,17,8823,29745,38568,4105,5830,434,434,0,,3680,0.039767261442979,0.012014253804028,0.430456977652193,2500,3449,582,615
18/04/2020,202016,IL,17,9980,35275,45255,5548,8346,582,582,0,,2500,0.027478665632273,0.008904253395776,0.205785224445915,3449,3311.5,615,341
25/04/2020,202017,IL,17,12617,51596,64213,5272,8618,615,615,0,,3449,0.009635376260667,0.001942838979838,0.167639418135154,3311.5,,341,
02/05/2020,202018,IL,17,8578,46472,55050,3090,5051,341,341,0,,3311.5,,,0.120477155009616,,,,
07/03/2020,202010,IN,18,0,0,0,0,0,0,0,0,,0,0.014197051978278,0.018389535934867,6.65903099866838,0,1,0,4
14/03/2020,202011,IN,18,14,74,88,0,0,0,0,0,,0,0.013964313421257,0.018124172562011,6.39594914931268,1,0,4,27
21/03/2020,202012,IN,18,111,633,744,0,0,4,4,0,,1,0.013452288595811,0.014425123787639,6.71634537054721,0,0,27,85
28/03/2020,202013,IN,18,1106,6468,7574,0,0,27,27,0,,0,0.013948797517455,0.010632760420616,2.98696532793738,0,0,85,214
04/04/2020,202014,IN,18,2721,8672,11393,0,0,85,85,0,,0,0.013871217998448,0.009130249674857,1.01470291434349,0,0,214,215
11/04/2020,202015,IN,18,3482,15933,19415,3022,5336,214,214,0,,0,0.011636927851047,0.007169914208896,0.606430654507433,0,0,215,240
18/04/2020,202016,IN,18,3206,14452,17658,3016,5015,215,215,0,,0,0.007695888285493,0.005303622355844,0.289144484388889,0,0,240,280
25/04/2020,202017,IN,18,3754,19147,22901,2379,4498,240,240,0,,0,0.001613653995345,0.000820876807241,0.498358176430898,0,,280,
02/05/2020,202018,IN,18,2787,8989,11776,1131,2286,280,280,0,,0,,,0.448052240369399,,,,
07/03/2020,202010,KS,20,0,7,7,0,0,0,0,0,,0,0.006144297905353,0.00575488589375,8.3130873762404,0,0,1,1
14/03/2020,202011,KS,20,6,82,88,0,0,1,1,0,,0,0.005151280062064,0.005193540297324,6.54035804532708,0,27,1,3
21/03/2020,202012,KS,20,49,324,373,0,0,1,1,0,,0,0.00499612102405,0.004189679406053,5.40993484916554,27,145,3,16
28/03/2020,202013,KS,20,206,3254,3460,0,0,3,3,0,,27,0.004484096198604,0.003188734595802,2.52670640020943,145,121,16,34
04/04/2020,202014,KS,20,437,3209,3646,0,0,16,16,0,,145,0.004204809930178,0.002577086601774,0.902824031508135,121,90,34,31
11/04/2020,202015,KS,20,570,4195,4765,0,0,34,34,0,,121,0.003460046547711,0.002001160600246,0.160016944667011,90,91,31,32
18/04/2020,202016,KS,20,522,4811,5333,0,0,31,31,0,,90,0.002498060512025,0.001349416492188,0.075418232255227,91,41,32,8
25/04/2020,202017,KS,20,1266,6257,7523,0,0,32,32,0,,91,0.000372381691234,0.000198293509387,0.05011161406843,41,,8,
02/05/2020,202018,KS,20,682,3577,4259,0,0,8,8,266,,41,,,0.000559022030288,,,,
07/03/2020,202010,KY,21,1,2,3,0,0,0,0,0,,0,0.018681148176881,0.022727935472959,8.56963229552937,0,0,0,2
14/03/2020,202011,KY,21,13,130,143,0,0,0,0,0,,0,0.019984484096199,0.022261362509696,7.33271724148858,0,0,2,6
21/03/2020,202012,KY,21,40,575,615,0,0,2,2,0,,0,0.01911559348332,0.015955337303092,8.11894500268242,0,0,6,29
28/03/2020,202013,KY,21,248,4107,4355,0,0,6,6,0,,0,0.016508921644686,0.011176609530919,3.8760137152864,0,459,29,53
04/04/2020,202014,KY,21,529,9920,10449,0,0,29,29,0,,0,0.016229635376261,0.008322495232208,1.53255214265533,459,549,53,47
11/04/2020,202015,KY,21,862,7854,8716,0,210,53,53,928,,459,0.014119472459271,0.006693134962062,1.20317069141196,549,135,47,63
18/04/2020,202016,KY,21,829,5479,6308,0,1326,47,47,5150,,549,0.010799069045772,0.005047736246304,0.482877499223612,135,188,63,25
25/04/2020,202017,KY,21,1257,13109,14366,0,1110,63,63,8775,,135,0.002482544608223,0.000816502685711,0.14388467258989,188,,25,
02/05/2020,202018,KY,21,596,6853,7449,0,665,25,25,6150,,188,,,0.316947025460008,,,,
07/03/2020,202010,LA,22,0,0,0,0,0,0,0,0,,0,0.020201706749418,0.021054833987508,7.15249641760031,0,0,0,16
14/03/2020,202011,LA,22,69,109,178,0,0,0,0,0,,0,0.020170674941815,0.020814257303325,6.53203083999483,0,927,16,121
21/03/2020,202012,LA,22,516,2071,2587,0,0,16,16,0,,0,0.019968968192397,0.018187597324204,5.45171985353394,927,1262.5,121,272
28/03/2020,202013,LA,22,2730,19666,22396,1008,0,121,121,0,,927,0.022591155934833,0.014668616552842,4.47023566239941,1262.5,1435.75,272,397
04/04/2020,202014,LA,22,9181,24156,33337,3306,0,272,272,0,,1262.5,0.026687354538402,0.012969999358462,1.9667670268615,1435.75,1043.125,397,461
11/04/2020,202015,LA,22,7518,30899,38417,3544,0,397,397,0,,1435.75,0.024840961986036,0.010785125653931,0.696100531359092,1043.125,1178.4375,461,377
18/04/2020,202016,LA,22,3566,37518,41084,2886,0,461,461,0,,1043.125,0.017750193948798,0.007853735208179,0.358252093767349,1178.4375,1039.78125,377,201
25/04/2020,202017,LA,22,2932,3157,5717,2093,0,377,377,29854,,1178.4375,0.004918541505043,0.00147845307734,0.091821764471585,1039.78125,,201,
02/05/2020,202018,LA,22,1148,16418,17566,1015,0,201,201,66836,,1039.78125,,,0.006217740894499,,,,
07/03/2020,202010,MA,25,0,0,0,0,0,0,0,0,,0,0.013529868114818,0.01320984702239,5.57496336840479,0,61,0,7
14/03/2020,202011,MA,25,30,0,30,0,0,0,0,0,,0,0.013405740884407,0.012415214944332,6.42833153554528,61,289,7,65
21/03/2020,202012,MA,25,388,4799,5187,0,0,7,7,0,,61,0.013157486423584,0.009659518380059,5.67691326018024,289,1020,65,232
28/03/2020,202013,MA,25,3732,26116,29848,0,0,65,65,0,,289,0.014134988363072,0.009147746160979,3.0209124196042,1020,1137,232,642
04/04/2020,202014,MA,25,7479,26276,33755,0,0,232,232,0,,1020,0.017858805275407,0.009506424126488,1.57473798510535,1137,1249,642,1037
11/04/2020,202015,MA,25,11129,28924,40053,0,0,642,642,0,,1137,0.021272304111715,0.009208983862408,1.06037848446124,1249,1237,1037,894
18/04/2020,202016,MA,25,14761,38489,53250,0,3920,1037,1037,0,,1249,0.017176105508146,0.007199804039355,0.137897694884812,1237,793,894,528
25/04/2020,202017,MA,25,15821,48893,64714,0,7190,894,894,0,,1237,0.004840961986036,0.001466788753259,0.101556386352048,793,,528,
02/05/2020,202018,MA,25,6917,31856,38773,0,4182,528,528,0,,793,,,0.091111593533752,,,,
07/03/2020,202010,MD,24,3,24,27,0,0,0,0.375,0,0.1,0,0.014228083785881,0.021866233531433,5.24291231956548,0,0,0,2
14/03/2020,202011,MD,24,23,53,76,0,0,0,0.75,0,0.3,0,0.014212567882079,0.020418399304806,5.14189820532545,0,226,2,3
21/03/2020,202012,MD,24,164,0,164,0,0,2,1.5,0,1.9,0,0.01366951124903,0.016372336889008,4.98799027082749,226,595,3,48
28/03/2020,202013,MD,24,802,11422,12224,0,0,3,3,25,7.8,226,0.013079906904577,0.013083726518258,2.74891326940032,595,888,48,153
04/04/2020,202014,MD,24,2133,10969,13102,0,0,48,48,399,11,595,0.012707525213344,0.011052676087553,1.06449919807323,888,1048,153,257
11/04/2020,202015,MD,24,4569,17059,21628,0,0,153,153,2200,14.3,888,0.010597362296354,0.009548707301284,0.675442630200791,1048,1003,257,412
18/04/2020,202016,MD,24,4614,13518,18132,0,0,257,257,4516,15.4,1048,0.008611326609775,0.007261041740784,0.037046129681523,1003,642,412,203
25/04/2020,202017,MD,24,5458,18295,23753,0,2653,412,412,7055,,1003,0.002435996896819,0.00162717320938,0.006413684364274,642,,203,
02/05/2020,202018,MD,24,3083,18723,21806,0,2202,203,203,5096,,642,,,0.076157431539911,,,,
07/03/2020,202010,ME,23,0,0,0,0,0,0,0.203125,0,,0,0.003723816912335,0.003769034718861,6.78490614119255,0,0,0,0
14/03/2020,202011,ME,23,3,90,93,0,0,0,0.40625,0,,0,0.003925523661753,0.003674991105953,7.62667041088256,0,0,0,1
21/03/2020,202012,ME,23,70,2173,2243,0,0,0,0.8125,0,,0,0.003506594259116,0.002999918349731,6.69647583449914,0,83,1,9
28/03/2020,202013,ME,23,138,1130,1268,0,0,1,1.625,83,,0,0.003646237393328,0.002060211240909,3.20509960441146,83,31,9,9
04/04/2020,202014,ME,23,245,2694,2939,0,0,9,3.25,577,,83,0.00344453064391,0.001964709587491,1.61275937413014,31,22,9,13
11/04/2020,202015,ME,23,160,0,160,0,0,9,6.5,1381,,31,0.003041117145074,0.001649772837289,0.946322819338736,22,20,13,18
18/04/2020,202016,ME,23,231,7988,8219,45,111,13,13,2203,,22,0.00211016291699,0.001094259402903,0.022234813092152,20,10,18,2
25/04/2020,202017,ME,23,143,2708,2851,61,120,18,18,3208,,20,1.55159038013964E-05,9.03985116322472E-05,0.000528951011356,10,,2,
02/05/2020,202018,ME,23,66,2762,2828,28,69,2,2,2281,,10,,,4.27470996493113E-05,,,,
07/03/2020,202010,MI,26,119,18,137,0,0,0,1.25,0,0.1,0,0.045865011636928,0.031987221732969,5.14982987419549,0,0,0,5
14/03/2020,202011,MI,26,1068,187,1255,0,0,0,2.5,0,0.2,0,0.043087664856478,0.032292681219855,5.46479382137458,0,0,5,87
21/03/2020,202012,MI,26,3347,3491,6838,0,0,5,5,0,4.7,0,0.041986035686579,0.025888967299068,6.31333120034899,0,0,87,448
28/03/2020,202013,MI,26,4744,10487,15231,0,0,87,87,0,15.3,0,0.049092319627618,0.020100546473583,4.30789585308626,0,3636,448,852
04/04/2020,202014,MI,26,7108,23222,30330,0,0,448,448,112,22.4,0,0.059301784328937,0.018985874503537,1.48181133541745,3636,1816,852,916
11/04/2020,202015,MI,26,7598,14616,22214,4269,4873,852,852,931,14.8,3636,0.053297129557797,0.016035529531153,0.304405798636749,1816,1981,916,966
18/04/2020,202016,MI,26,6798,16915,23713,8834,10415,916,916,6267,11,1816,0.035577967416602,0.01073628129684,0.212816982771309,1981,1507.5,966,396
25/04/2020,202017,MI,26,6412,37905,44317,7315,8874,966,966,27764,,1981,0.007602792862684,0.001882330298665,0.00600200045699,1507.5,,396,
02/05/2020,202018,MI,26,3196,25112,28308,3282,4182,396,396,33368,,1507.5,,,0.007607118835509,,,,
07/03/2020,202010,MN,27,1,12,13,0,0,0,0,0,0,0,0.008052754072925,0.009693782332048,7.73941053103229,0,0,0,1
14/03/2020,202011,MN,27,20,799,819,0,0,0,0,0,0.1,0,0.008145849495733,0.009117127310265,5.66877629478627,0,57,1,4
21/03/2020,202012,MN,27,117,3105,3222,0,0,1,1,0,0.8,0,0.007121799844841,0.007324466502977,5.56233806801548,57,123,4,19
28/03/2020,202013,MN,27,303,11736,12039,0,0,4,4,522,2.3,57,0.0055546935609,0.005031697800692,3.68123378046986,123,160,19,40
04/04/2020,202014,MN,27,424,8870,9294,0,197,19,19,692,3.1,123,0.005492629945694,0.004197698628859,1.07090373244863,160,221,40,57
11/04/2020,202015,MN,27,562,9419,9981,0,429,40,40,4302,3.9,160,0.004561675717611,0.003218624426261,0.094811187156872,221,236,57,123
18/04/2020,202016,MN,27,786,8078,8864,0,636,57,57,6737,1,221,0.003087664856478,0.002272356135143,0.002626081321455,236,153,123,75
25/04/2020,202017,MN,27,1233,11096,12329,0,790,123,123,9717,,236,0.00044996121024,0.000320768912243,0,153,,75,
02/05/2020,202018,MN,27,1198,8949,10147,0,476,75,75,7571,,153,,,0,,,,
07/03/2020,202010,MO,29,0,0,0,0,0,0,0,0,,0,0.015733126454616,0.014044575214478,9.56156846590067,0,0,0,3
14/03/2020,202011,MO,29,4,90,94,0,0,0,0,0,,0,0.015065942591156,0.011944267859538,7.3295027371498,0,0,3,7
21/03/2020,202012,MO,29,69,279,348,0,0,3,3,0,,0,0.013343677269201,0.008846660795624,5.98309610390227,0,413,7,14
28/03/2020,202013,MO,29,765,9713,10478,0,0,7,7,0,,0,0.012381691233514,0.006109189737728,3.56095599078474,413,299.5,14,85
04/04/2020,202014,MO,29,1453,12532,13985,0,0,14,14,0,,413,0.011373157486424,0.004964627937223,1.19351868718409,299.5,725.25,85,66
11/04/2020,202015,MO,29,1733,16534,18267,0,0,85,85,0,,299.5,0.010100853374709,0.003905361506564,0.344938202533342,725.25,487.375,66,98
18/04/2020,202016,MO,29,1493,9094,10587,0,0,66,66,0,,725.25,0.007649340574088,0.002679149437488,0.07841303739798,487.375,647.3125,98,45
25/04/2020,202017,MO,29,1309,12150,13459,142,0,98,98,0,,487.375,0.001411947245927,0.0004432443151,0.135687260083448,647.3125,,45,
02/05/2020,202018,MO,29,599,9342,9941,448,0,45,45,0,,647.3125,,,0.042650777421158,,,,
07/03/2020,202010,MS,28,0,0,0,0,0,0,0,0,,0,0.00411171450737,0.009703259595365,8.28489942381135,0,0,0,1
14/03/2020,202011,MS,28,6,84,90,0,0,0,0,0,,0,0.004716834755625,0.008428932189452,7.07683215855471,0,219,1,12
21/03/2020,202012,MS,28,134,611,745,0,0,1,1,0,,0,0.004406516679597,0.007345608090375,6.35418735113933,219,257,12,22
28/03/2020,202013,MS,28,523,1865,2388,0,0,12,12,0,,219,0.004204809930178,0.005566798667934,4.30109580056535,257,190,22,58
04/04/2020,202014,MS,28,792,2573,3365,0,0,22,22,0,,257,0.003382467028704,0.004619801356561,2.17989111473423,190,254,58,59
11/04/2020,202015,MS,28,1187,13499,14686,0,0,58,58,0,,190,0.003537626066718,0.003692487592075,0.857247988296,254,214,59,69
18/04/2020,202016,MS,28,1332,16159,17491,579,894,59,59,0,,254,0.002591155934833,0.002611350553764,0.508552810146444,214,130,69,29
25/04/2020,202017,MS,28,1744,18448,20192,573,1048,69,69,0,,214,0.00055857253685,0.000386380735202,0.101839243959582,130,,29,
02/05/2020,202018,MS,28,851,6286,7137,284,601,29,29,3413,,130,,,0.010686316872919,,,,
07/03/2020,202010,MT,30,0,0,0,0,0,0,0.125,0,,0,0.001520558572537,0.001821821617492,6.05596028911194,0,0,0,0
14/03/2020,202011,MT,30,5,92,97,0,0,0,0.25,0,,0,0.001349883630721,0.001685494829788,5.08894929485937,0,7,0,1
21/03/2020,202012,MT,30,15,1043,1058,0,0,0,0.5,0,,0,0.001489526764934,0.00150980094831,5.50814802380982,7,17,1,4
28/03/2020,202013,MT,30,109,2110,2219,0,0,1,1,0,,7,0.00155159038014,0.001272869365402,3.82871378207606,17,22,4,1
04/04/2020,202014,MT,30,136,2656,2792,0,0,4,4,0,,17,0.001396431342126,0.000960119675965,1.18187400684553,22,9,1,4
11/04/2020,202015,MT,30,112,2292,2404,0,0,1,1,626,,22,0.001675717610551,0.000683820999283,0.494311361589946,9,6,4,4
18/04/2020,202016,MT,30,49,1939,1988,0,0,4,4,1431,,9,0.000651667959659,0.000423560768212,0.120301829364342,6,0,4,2
25/04/2020,202017,MT,30,19,1909,1928,0,0,4,4,2025,,6,0.000124127230411,2.11415873978643E-05,0.050690293028974,0,,2,
02/05/2020,202018,MT,30,6,1025,1031,0,0,2,2,1429,,0,,,0,,,,
07/03/2020,202010,NC,37,1,0,1,0,0,0,0.5,0,,0,0.014476338246703,0.022609105171378,7.33706458776596,0,0,0,0
14/03/2020,202011,NC,37,21,137,158,0,0,0,1,0,,0,0.014181536074476,0.022101707073829,7.43915776123013,0,87,0,4
21/03/2020,202012,NC,37,161,4955,5116,0,0,0,2,0,,0,0.012878200155159,0.018390264955122,7.80130553493144,87,227.5,4,20
28/03/2020,202013,NC,37,751,11500,12251,0,0,4,4,0,,87,0.011636927851047,0.013315554959379,4.38020807198029,227.5,248.25,20,56
04/04/2020,202014,NC,37,1467,19779,21246,0,0,20,20,0,,227.5,0.011512800620636,0.010198264348577,1.63743230485339,248.25,263.875,56,84
11/04/2020,202015,NC,37,1910,19710,21620,0,0,56,56,0,,248.25,0.008968192397207,0.008054215778331,0.696345187260099,263.875,324.0625,84,125
18/04/2020,202016,NC,37,1828,13990,15818,0,0,84,84,0,,263.875,0.005244375484872,0.005043362124773,0.241534122337993,324.0625,388.96875,125,65
25/04/2020,202017,NC,37,2483,26571,29054,0,0,125,125,0,,324.0625,0.001163692785105,0.000931687886016,0.09201939481153,388.96875,,65,
02/05/2020,202018,NC,37,1325,11850,13175,0,0,65,65,0,,388.96875,,,0.251372785765329,,,,
07/03/2020,202010,ND,38,0,0,0,0,0,0,0,0,,0,0.002358417377812,0.001676017566472,7.74004808649795,0,3,0,0
14/03/2020,202011,ND,38,1,54,55,0,0,0,0,0,,0,0.00200155159038,0.001641753614482,5.68089603897663,3,13,0,1
21/03/2020,202012,ND,38,27,1087,1114,0,0,0,0,0,,3,0.00200155159038,0.0014011769303,6.75229356833837,13,14,1,2
28/03/2020,202013,ND,38,55,1668,1723,0,0,1,1,31,,13,0.001520558572537,0.000971054979792,4.11988258152555,14,6,2,4
04/04/2020,202014,ND,38,103,3212,3315,0,0,2,2,262,,14,0.001427463149728,0.00062768643964,1.72981681223415,6,11,4,2
11/04/2020,202015,ND,38,107,3766,3873,0,0,4,4,642,,6,0.00077579519007,0.000475321206324,0.40610796677276,11,23,2,7
18/04/2020,202016,ND,38,235,2648,2883,0,0,2,2,1046,,11,0.000620636152056,0.000275569656427,0.000362300121887,23,12,7,3
25/04/2020,202017,ND,38,275,6112,6387,0,0,7,7,1685,,23,0.000201706749418,0,0,12,,3,
02/05/2020,202018,ND,38,230,5956,6186,0,0,3,3,1522,,12,,,0,,,,
07/03/2020,202010,NE,31,1,0,1,0,0,0,0,0,,0,0.002498060512025,0.004422965887684,8.43048807975895,0,0,0,0
14/03/2020,202011,NE,31,13,63,76,0,0,0,0,0,,0,0.002327385570209,0.004196969608604,6.39064447411172,0,0,0,2
21/03/2020,202012,NE,31,24,276,300,0,0,0,0,0,,0,0.002482544608223,0.003352764153199,6.02277611737835,0,0,2,4
28/03/2020,202013,NE,31,58,1548,1606,0,0,2,2,0,,0,0.001923972071373,0.002458256300193,3.33723953792138,0,0,4,11
04/04/2020,202014,NE,31,225,3154,3379,0,0,4,4,0,,0,0.001675717610551,0.00214040346897,0.98914704019619,0,0,11,7
11/04/2020,202015,NE,31,379,4227,4606,0,0,11,11,0,,0,0.001117145073701,0.001676017566472,0.050530939864804,0,0,7,26
18/04/2020,202016,NE,31,438,3254,3692,0,0,7,7,0,,0,0.000760279286268,0.001165703387903,0.012281768990351,0,0,26,6
25/04/2020,202017,NE,31,1283,5013,6296,0,0,26,26,0,,0,0.000124127230411,0.00018298408403,0.002498769488162,0,,6,
02/05/2020,202018,NE,31,953,2705,3658,0,0,6,6,0,,0,,,0,,,,
07/03/2020,202010,NH,33,0,10,10,0,0,0,0,0,,0,0.002467028704422,0.002476481806571,6.79794899104479,0,0,0,0
14/03/2020,202011,NH,33,5,192,197,0,0,0,0,0,,0,0.002498060512025,0.002172480360194,7.63323466557198,0,30,0,2
21/03/2020,202012,NH,33,48,761,809,0,0,0,0,0,,0,0.002017067494182,0.002402850760806,6.71901835211538,30,50,2,5
28/03/2020,202013,NH,33,132,2683,2815,0,0,2,2,0,,30,0.002172226532196,0.001781725503461,3.30510648925776,50,54,5,15
04/04/2020,202014,NH,33,353,3309,3662,0,0,5,5,392,,50,0.002435996896819,0.001837131042849,1.58690009778512,54,56,15,15
11/04/2020,202015,NH,33,345,2643,2988,0,0,15,15,1350,,54,0.002017067494182,0.001583431994075,1.05922494475371,56,34,15,16
18/04/2020,202016,NH,33,402,1957,2359,0,0,15,15,2377,,56,0.001179208688906,0.001133626496679,0.04252231631299,34,25,16,7
25/04/2020,202017,NH,33,433,4442,4875,0,0,16,16,3780,,34,0.000186190845617,0.000172048780203,0.011423327802362,25,,7,
02/05/2020,202018,NH,33,290,2729,3019,0,0,7,7,3290,,25,,,0.013020646399837,,,,
07/03/2020,202010,NJ,34,3,0,3,0,0,0,0,0,,0,0.034709076803724,0.025915941048506,4.93292296851267,0,0,1,15
14/03/2020,202011,NJ,34,46,97,143,0,0,1,1,0,,0,0.032955779674166,0.026246916244321,5.60469334933086,0,2000,15,124
21/03/2020,202012,NJ,34,1277,197,1474,0,0,15,15,0,,0,0.036927851047324,0.023491219680048,5.85893699269542,2000,3000,124,706
28/03/2020,202013,NJ,34,9797,19092,28889,0,0,124,124,0,,2000,0.045694336695113,0.023604217819588,4.53420636547032,3000,6118,706,1337
04/04/2020,202014,NJ,34,23000,21846,44846,0,0,706,706,0,,3000,0.060310318076028,0.026044977633659,3.18011274629704,6118,4659,1337,1887
11/04/2020,202015,NJ,34,24027,20810,44837,9243,8216,1337,1337,682,,6118,0.059022498060512,0.024914996238256,1.7401916986691,4659,4392.5,1887,1793
18/04/2020,202016,NJ,34,23269,19074,42343,11466,13830,1887,1887,0,,4659,0.04211016291699,0.017860267229665,0.937615790796895,4392.5,4092.75,1793,907
25/04/2020,202017,NJ,34,24103,27047,51150,10684,13765,1793,1793,0,,4392.5,0.012459270752521,0.004074494205747,0.465151076852442,4092.75,,907,
02/05/2020,202018,NJ,34,10741,16891,27632,5310,7225,907,907,31284,,4092.75,,,0.282888934142036,,,,
07/03/2020,202010,NM,35,0,32,32,0,0,0,0,0,0,0,0.003258339798293,0.003088129800598,4.35319734412822,0,0,0,0
14/03/2020,202011,NM,35,10,189,199,0,0,0,0,0,0.2,0,0.003165244375485,0.002843178994885,4.90515721395028,0,0,0,1
21/03/2020,202012,NM,35,47,3534,3581,0,0,0,0,0,0.4,0,0.002808378588053,0.002340884039122,4.22376267034333,0,0,1,9
28/03/2020,202013,NM,35,134,5425,5559,0,0,1,1,0,1.3,0,0.002622187742436,0.001746003510962,3.52701993293666,0,0,9,9
04/04/2020,202014,NM,35,304,5941,6245,18,0,9,9,158,2,0,0.002389449185415,0.001431066760759,1.2066555682032,0,242,9,32
11/04/2020,202015,NM,35,596,10870,11466,126,0,9,9,1141,2.3,0,0.00211016291699,0.001154768084076,0.509351287827272,242,170,32,33
18/04/2020,202016,NM,35,620,7895,8515,18,0,32,32,2262,2.3,242,0.001411947245927,0.000850037617445,0.05707521514327,170,97,33,26
25/04/2020,202017,NM,35,810,15087,15897,0,0,33,33,3716,,170,0.00044996121024,0.00014726209153,0.086703844333478,97,,26,
02/05/2020,202018,NM,35,453,9782,10235,0,0,26,26,2635,,97,,,0.01197418272609,,,,
07/03/2020,202010,NV,32,0,0,0,0,0,0,0.5,0,,0,0.012055857253685,0.008274379895371,7.41374529260858,0,0,0,2
14/03/2020,202011,NV,32,19,154,173,0,0,0,1,0,,0,0.011062839410396,0.008202935910371,7.7752123738885,0,0,2,8
21/03/2020,202012,NV,32,104,2216,2320,0,0,2,2,0,,0,0.011171450737006,0.007218029545733,7.67068776584449,0,0,8,36
28/03/2020,202013,NV,32,497,5517,6014,0,0,8,8,0,,0,0.011031807602793,0.005819768696453,3.39389299202821,0,282,36,56
04/04/2020,202014,NV,32,1121,6520,7641,0,0,36,36,0,,0,0.010302560124127,0.004616885275541,0.792663359675599,282,0,56,49
11/04/2020,202015,NV,32,958,6466,7424,0,0,56,56,0,,282,0.008471683475562,0.00346867837376,0.806089062233288,0,0,49,53
18/04/2020,202016,NV,32,926,6238,7164,0,0,49,49,0,,0,0.005601241272304,0.002404308801316,0.669547605761133,0,0,53,26
25/04/2020,202017,NV,32,913,5544,6457,0,0,53,53,0,,0,0.001272304111715,0.000337536378111,0.368769832799736,0,,26,
02/05/2020,202018,NV,32,359,3461,3820,0,0,26,26,100,,0,,,0.032484854732592,,,,
07/03/2020,202010,NY,36,70,44,114,0,0,0,0,0,0,0,0.055686578743212,0.058988673941317,6.64949220147012,0,1603,0,44
14/03/2020,202011,NY,36,448,2687,3135,0,0,0,22,0,0.6,0,0.054476338246703,0.058108746493413,7.80792706408535,1603,8451,44,684
21/03/2020,202012,NY,36,9832,32302,42134,0,0,44,44,0,2.2,1603,0.060977501939488,0.054812116899856,7.84502553943268,8451,16329,684,2837
28/03/2020,202013,NY,36,41962,68535,110497,0,4628,684,684,4771,6.2,8451,0.090643910007758,0.057456273365099,5.52729008824732,16329,14296,2837,5062
04/04/2020,202014,NY,36,61386,66301,127687,0,21374,2837,2837,45691,8.9,16329,0.123103180760279,0.064346243796038,3.77593710364848,14296,11746,5062,4735
11/04/2020,202015,NY,36,66754,90605,157359,0,32908,5062,5062,117067,6.4,14296,0.127183863460047,0.056973661956224,2.08928460967932,11746,9034,4735,3237
18/04/2020,202016,NY,36,56274,99278,155552,0,35970,4735,4735,201017,4.4,11746,0.091590380139643,0.039644121472271,0.928601038828236,9034,3938,3237,1416
25/04/2020,202017,NY,36,45411,135625,181036,0,35112,3237,3237,297806,,9034,0.034134988363072,0.009414567574345,0.610587859999788,3938,,1416,
02/05/2020,202018,NY,36,17548,77365,94913,0,5016,1416,1416,205349,,3938,,,0.495576043119104,,,,
07/03/2020,202010,OH,39,0,2,2,0,0,0,0.75,0,0,0,0.050085337470908,0.039518729988394,7.03576100094331,0,58,0,3
14/03/2020,202011,OH,39,13,41,54,0,0,0,1.5,0,0.3,0,0.048502715283165,0.039181193610283,6.04014362234229,58,286,3,22
21/03/2020,202012,OH,39,234,90,324,0,0,3,3,0,1.2,58,0.046470131885182,0.028981471221197,6.43931038943173,286,662,22,77
28/03/2020,202013,OH,39,1159,18872,20031,0,0,22,22,0,2.7,286,0.040325833979829,0.020016709144247,3.81709771290858,662,853,77,145
04/04/2020,202014,OH,39,2333,19120,21453,0,0,77,77,0,2.8,662,0.040387897595035,0.017577407370686,1.60539509150448,853,660,145,204
11/04/2020,202015,OH,39,2448,16089,18537,0,0,145,145,0,0.8,853,0.035857253685027,0.014819523745648,0.24075604905844,660,596,204,260
18/04/2020,202016,OH,39,3752,14598,18350,0,0,204,204,0,0,660,0.025725368502715,0.010281372657658,0.0525806522045,596,306,260,226
25/04/2020,202017,OH,39,5044,27577,32621,0,0,260,260,0,,596,0.006951124903026,0.001779538442696,0.029157731300219,306,,226,
02/05/2020,202018,OH,39,2320,15209,17529,0,0,226,226,0,,306,,,0.056340629463683,,,,
07/03/2020,202010,OK,40,0,0,0,0,0,0,0,0,,0,0.009045771916214,0.012790660375708,9.97503895419066,0,10,0,1
14/03/2020,202011,OK,40,3,36,39,0,0,0,0,0,,0,0.008875096974399,0.01173431002607,7.3241340796935,10,116,1,14
21/03/2020,202012,OK,40,49,524,573,0,0,1,1,0,,10,0.008704422032583,0.00826708969282,5.82428247483099,116,190,14,27
28/03/2020,202013,OK,40,324,620,944,0,0,14,14,0,,116,0.006795965865012,0.006096796393391,2.98701739958831,190,130,27,52
04/04/2020,202014,OK,40,782,182,964,0,551,27,27,383,,190,0.006470131885182,0.004734986556867,1.05631592989006,130,95,52,45
11/04/2020,202015,OK,40,709,19428,20137,0,833,52,52,4161,,130,0.004561675717611,0.003677178166718,0.253205995285764,95,96,45,55
18/04/2020,202016,OK,40,702,12176,12878,0,1050,45,45,7991,,95,0.003041117145074,0.002523139102897,0.24022005387784,96,56,55,20
25/04/2020,202017,OK,40,623,16925,17548,0,1044,55,55,12588,,96,0.000822342901474,0.000527810664692,0.147797313055521,56,,20,
02/05/2020,202018,OK,40,280,7903,8183,0,544,20,20,8885,,56,,,1.14104382616364E-05,,,,
07/03/2020,202010,OR,41,4,48,52,0,0,0,0,0,0.1,0,0.005725368502715,0.008151175472259,7.139846591092,0,0,0,3
14/03/2020,202011,OR,41,23,260,283,0,0,0,0,0,0.5,0,0.00566330488751,0.008073899325219,8.08493099980255,0,117,3,10
21/03/2020,202012,OR,41,84,1666,1750,0,0,3,3,0,1.7,0,0.005306439100078,0.006936627727265,6.90993760633592,117,122,10,13
28/03/2020,202013,OR,41,365,7690,8055,62,0,10,10,0,3.5,117,0.005011636927851,0.005100954724926,4.30886954678475,122,99,13,22
04/04/2020,202014,OR,41,520,6842,7362,270,0,13,13,0,3.8,122,0.004794414274632,0.004307780687379,1.76749407272345,99,111,22,24
11/04/2020,202015,OR,41,372,9318,9690,361,251,22,22,0,2.7,99,0.003708301008534,0.003346202970903,0.523318705646506,111,87,24,15
18/04/2020,202016,OR,41,473,9886,10359,310,592,24,24,0,2.7,111,0.002156710628394,0.0018801432379,0.279034308212825,87,33,15,14
25/04/2020,202017,OR,41,409,9385,9794,236,475,15,15,0,,87,0.00077579519007,0.000219435096785,0.473224681581882,33,,14,
02/05/2020,202018,OR,41,193,6902,7095,117,269,14,14,0,,33,,,0.012422223273499,,,,
07/03/2020,202010,PA,42,2,0,2,0,0,0,0,0,,0,0.032148952676493,0.029464811650327,7.89868942484708,0,0,0,2
14/03/2020,202011,PA,42,43,205,248,0,0,0,0,0,,0,0.030876648564779,0.028275050594006,7.61884762822027,0,0,2,32
21/03/2020,202012,PA,42,324,3561,3885,0,0,2,2,0,,0,0.028611326609775,0.023466432991374,7.11134223539473,0,0,32,102
28/03/2020,202013,PA,42,2380,21488,23868,0,0,32,32,0,,0,0.027478665632273,0.018692079340732,4.64596250360434,0,2115,102,358
04/04/2020,202014,PA,42,7266,34759,42025,0,0,102,102,0,,0,0.030876648564779,0.017192484675994,2.35660445102804,2115,1555.5,358,342
11/04/2020,202015,PA,42,11638,38485,50123,3526,0,358,358,0,,2115,0.032086889061288,0.015358998734421,1.03876494810319,1555.5,1970.25,342,902
18/04/2020,202016,PA,42,9414,24398,33812,4657,0,342,342,0,,1555.5,0.022761830876649,0.011382922263112,0.459675573079889,1970.25,1795.875,902,658
25/04/2020,202017,PA,42,8980,29990,38970,4672,0,902,902,0,,1970.25,0.005818463925524,0.001963251546981,0.22247624513339,1795.875,,658,
02/05/2020,202018,PA,42,4317,17631,21948,2479,0,658,658,0,,1795.875,,,0.180357141724002,,,,
07/03/2020,202010,RI,44,2,30,31,0,0,0,0,0,,0,0.003242823894492,0.003997218058707,4.94789699678825,0,0,0,0
14/03/2020,202011,RI,44,18,168,186,0,0,0,0,0,,0,0.002916989914663,0.003676449146463,5.91423212651488,0,0,0,0
21/03/2020,202012,RI,44,46,664,710,0,0,0,0,0,,0,0.002591155934833,0.003078652537282,5.42489999583216,0,0,0,17
28/03/2020,202013,RI,44,173,1679,1852,18,27,0,0,0,,0,0.002792862684251,0.002682794538763,3.16232957311848,0,0,17,39
04/04/2020,202014,RI,44,567,3043,3610,42,100,17,17,175,,0,0.003615205585725,0.002990441086415,1.85423491707523,0,331,39,81
11/04/2020,202015,RI,44,1543,10274,11817,162,295,39,39,245,,0,0.00322730799069,0.003403795571056,1.14748568964774,331,245,81,78
18/04/2020,202016,RI,44,2142,12477,14619,225,392,81,81,1068,,331,0.00189294026377,0.002432011571009,0.248634604200303,245,174,78,36
25/04/2020,202017,RI,44,2638,15427,18065,314,492,78,78,2270,,245,0.000387897595035,0.000625499378875,0.239621144233309,174,,36,
02/05/2020,202018,RI,44,1118,8156,9274,219,323,36,36,1742,,174,,,0.155094423046835,,,,
07/03/2020,202010,SC,45,2,3,5,0,0,0,0,0,,0,0.012645461598138,0.018602409849355,5.09495311903487,0,0,0,1
14/03/2020,202011,SC,45,11,102,113,0,0,0,0,0,,0,0.012490302560124,0.017718108279921,5.8338143262591,0,129,1,12
21/03/2020,202012,SC,45,139,1145,1284,0,0,1,1,0,,0,0.011838634600466,0.01284242081382,6.49070469512081,129,767,12,27
28/03/2020,202013,SC,45,387,1153,1540,0,0,12,12,0,,129,0.011807602792863,0.008941433428786,3.80321377041209,767,255,27,40
04/04/2020,202014,SC,45,1378,13989,15367,0,0,27,27,0,,767,0.010737005430566,0.007061290190887,1.61745935561496,255,280,40,39
11/04/2020,202015,SC,45,1290,10489,11779,0,0,40,40,0,,255,0.009325058184639,0.005598146538903,0.758943053945683,280,168,39,47
18/04/2020,202016,SC,45,1039,7701,8740,0,0,39,39,2633,,280,0.005725368502715,0.003895884243248,0.358363268893485,168,56,47,37
25/04/2020,202017,SC,45,1007,9174,10181,0,0,47,47,20411,,168,0.001458494957331,0.000879927447904,0.05286716535773,56,,37,
02/05/2020,202018,SC,45,628,4575,5203,0,0,37,37,13484,,56,,,0.070368089673633,,,,
07/03/2020,202010,SD,46,0,0,0,0,0,0,0,0,,0,0.003599689681924,0.00313405807667,6.66227316663552,0,0,0,1
14/03/2020,202011,SD,46,9,177,186,0,0,0,0,0,,0,0.003506594259116,0.003147909461516,4.95270508304281,0,0,1,0
21/03/2020,202012,SD,46,5,509,514,0,0,1,1,0,,0,0.00322730799069,0.002488875150907,5.2353097922723,0,19,0,1
28/03/2020,202013,SD,46,54,1901,1955,0,0,0,0,63,,0,0.002125678820791,0.001973457830552,3.36851181123426,19,14,1,4
04/04/2020,202014,SD,46,144,2420,2564,0,0,1,1,360,,19,0.001567106283941,0.001458769530453,1.05200169348097,14,35,4,1
11/04/2020,202015,SD,46,414,2366,2780,0,0,4,4,946,,14,0.001163692785105,0.001225483048821,0.14883019940978,35,60,1,3
18/04/2020,202016,SD,46,916,2740,3656,0,0,1,1,2376,,35,0.000605120248254,0.00077640657168,0.001750360907369,60,37,3,3
25/04/2020,202017,SD,46,605,3331,3936,0,0,3,3,6593,,60,0.000201706749418,7.36310457649755E-05,-0.000226075810001,37,,3,
02/05/2020,202018,SD,46,226,1011,1237,0,0,3,3,5457,,37,,,-0.000226075810001,,,,
07/03/2020,202010,TN,47,0,0,0,0,0,0,0,0,0.1,0,0.026020170674942,0.023787201903618,6.55032108194612,0,0,0,0
14/03/2020,202011,TN,47,31,130,161,0,0,0,0,0,0.6,0,0.024034134988363,0.023114316208162,6.7304673615584,0,118,0,6
21/03/2020,202012,TN,47,339,3142,3481,0,0,0,0,0,2.6,0,0.023568657874321,0.0200028577594,6.67101955626856,118,193,6,37
28/03/2020,202013,TN,47,1002,13693,14695,0,0,6,6,0,8.4,118,0.021427463149729,0.01620101712906,3.35255554399601,193,245,37,58
04/04/2020,202014,TN,47,1948,21105,23053,0,0,37,37,1142,9.1,193,0.020155159038014,0.01277097682882,1.30257649420776,245,163,58,44
11/04/2020,202015,TN,47,1793,23644,25437,0,0,58,58,5161,5.2,245,0.015733126454616,0.008542659349247,0.777695634587971,163,102,44,35
18/04/2020,202016,TN,47,1648,22110,23758,0,0,44,44,16377,4.2,163,0.009588828549263,0.005695106232832,0.199096686272714,102,192,35,17
25/04/2020,202017,TN,47,2427,48393,50820,0,0,35,35,27789,,102,0.001210240496509,0.000880656468159,0.061515950307489,192,,17,
02/05/2020,202018,TN,47,1177,25966,27143,0,0,17,17,19308,,192,,,0.068445480863948,,,,
07/03/2020,202010,TX,48,7,0,7,0,0,0,1.25,0,,0,0.073716058960435,0.080617246869587,7.83780071034767,0,0,0,5
14/03/2020,202011,TX,48,43,0,43,0,0,0,2.5,0,,0,0.070054305663305,0.071955757218759,7.21544570333452,0,0,5,22
21/03/2020,202012,TX,48,253,6218,6471,0,0,5,5,0,,0,0.063770364623739,0.063060981086299,6.71314557748682,0,196,22,78
28/03/2020,202013,TX,48,1748,16990,18738,0,0,22,22,0,,0,0.056912335143522,0.047198229355605,4.46034224592993,196,1416,78,149
04/04/2020,202014,TX,48,4058,34433,38491,0,0,78,78,228,,196,0.051761055081459,0.037755959011565,2.18958683260394,1416,613,149,199
11/04/2020,202015,TX,48,6451,50331,56782,0,0,149,149,4236,,1416,0.043863460046548,0.028791925954871,1.03398756991266,613,1290.5,199,170
18/04/2020,202016,TX,48,5699,50007,55706,0,0,199,199,22686,,613,0.027323506594259,0.020378303190776,0.532932590370883,1290.5,1056.75,170,109
25/04/2020,202017,TX,48,5513,81064,86577,0,0,170,170,52034,,1290.5,0.006485647788984,0.003976076471309,0.203977377506172,1056.75,,109,
02/05/2020,202018,TX,48,3281,48693,51974,0,0,109,109,46226,,1056.75,,,0.000717192185043,,,,
07/03/2020,202010,UT,49,0,0,0,0,0,0,0,0,0,0,0.000977501939488,0.004256020249267,5.74981927636329,0,0,0,0
14/03/2020,202011,UT,49,5,131,136,0,0,0,0,0,0.2,0,0.000713731574864,0.004239252783399,5.94732875080462,0,0,0,2
21/03/2020,202012,UT,49,130,2293,2423,0,0,0,0,0,1,0,0.000636152055857,0.003492736042178,5.9415152756816,0,117,2,6
28/03/2020,202013,UT,49,466,8286,8752,0,0,2,2,0,2.1,0,0.000620636152056,0.002972944600293,3.6714579133401,117,73,6,10
04/04/2020,202014,UT,49,826,15905,16731,0,0,6,6,0,2.4,117,0.000574088440652,0.002358380525245,0.880641788063533,73,61,10,7
11/04/2020,202015,UT,49,778,13725,14503,0,0,10,10,0,2.9,73,0.00044996121024,0.001912949149379,0.438322163165008,61,78,7,16
18/04/2020,202016,UT,49,725,16673,17398,0,0,7,7,2019,3.4,61,0.000186190845617,0.00129109487178,0.079735487451445,78,54,16,4
25/04/2020,202017,UT,49,1017,29245,30262,0,0,16,16,7014,,78,0,0.000158197395356,0.1652038289038,54,,4,
02/05/2020,202018,UT,49,547,15025,15572,0,0,4,4,6703,,54,,,0,,,,
07/03/2020,202010,VA,51,0,13,13,0,0,0,0,0,,0,0.014150504266874,0.024430197768615,5.73525602064541,0,25,0,2
14/03/2020,202011,VA,51,30,86,116,0,0,0,1,0,,0,0.013871217998448,0.023166076646274,5.39768163824977,25,74,2,15
21/03/2020,202012,VA,51,122,2521,2643,0,0,2,2,0,,25,0.013948797517455,0.017315689099106,5.32627551480088,74,291,15,35
28/03/2020,202013,VA,51,587,5789,6376,0,0,15,15,0,,74,0.012723041117145,0.011891778401171,2.64428928901953,291,382,35,79
04/04/2020,202014,VA,51,1668,10718,12386,0,0,35,35,0,,291,0.012521334367727,0.009825734998221,1.01671538936729,382,1296,79,128
11/04/2020,202015,VA,51,2670,13777,16447,855,1635,79,79,0,,382,0.011962761830877,0.008267818713075,0.45837852600976,1296,646,128,178
18/04/2020,202016,VA,51,2976,10956,13932,1798,3203,128,128,4762,,1296,0.008611326609775,0.006080028927524,0.00385302238099,646,1666,178,86
25/04/2020,202017,VA,51,3849,16398,20247,1655,2742,178,178,10462,,646,0.002916989914663,0.001280159567953,0.027228627656178,1666,,86,
02/05/2020,202018,VA,51,3059,10703,13762,873,1539,86,86,7614,,1666,,,0.157183015538117,,,,
07/03/2020,202010,VI,78,0,0,0,0,0,0,0,0,,0,,,,0,0,0,0
14/03/2020,202011,VI,78,0,0,0,0,0,0,0,0,,0,,,,0,0,0,0
21/03/2020,202012,VI,78,5,0,5,0,0,0,0,0,,0,,,,0,0,0,0
28/03/2020,202013,VI,78,16,106,122,0,0,0,0,0,,0,,,,0,3,0,1
04/04/2020,202014,VI,78,18,78,96,0,0,0,0,130,,0,,,,3,0,1,2
11/04/2020,202015,VI,78,11,115,126,0,0,1,1,270,,3,,,,0,0,2,0
18/04/2020,202016,VI,78,2,91,93,0,0,2,2,312,,0,,,,0,0,0,1
25/04/2020,202017,VI,78,2,303,305,0,0,0,0,341,,0,,,,0,,1,
02/05/2020,202018,VI,78,7,39,46,0,0,1,1,204,,0,,,,,,,
07/03/2020,202010,VT,50,0,8,8,0,0,0,0,0,,0,0.000527540729247,0.001275785446423,8.13733832661141,0,0,0,2
14/03/2020,202011,VT,50,4,211,215,0,0,0,0,0,,0,0.000713731574864,0.001156226124587,10.2226798823575,0,18,2,10
21/03/2020,202012,VT,50,25,552,577,0,0,2,2,0,,0,0.000620636152056,0.000859514880761,8.68137879409377,18,27,10,8
28/03/2020,202013,VT,50,182,1384,1566,0,0,10,10,0,,18,0.000480993017843,0.000620396237089,4.54494833565865,27,5,8,5
04/04/2020,202014,VT,50,250,3220,3470,0,0,8,8,75,,27,0.000543056633049,0.000662679411885,2.52177072683973,5,0,5,13
11/04/2020,202015,VT,50,250,3164,3414,0,0,5,5,105,,5,0.000480993017843,0.000559158535661,1.4913246402413,0,0,13,8
18/04/2020,202016,VT,50,92,3216,3308,0,0,13,13,105,,0,0.000201706749418,0.000317123810968,0.079656231026029,0,0,8,1
25/04/2020,202017,VT,50,40,2076,2116,0,0,8,8,30,,0,1.55159038013964E-05,1.45804051019753E-06,0.038660183401421,0,,1,
02/05/2020,202018,VT,50,19,728,747,0,0,1,1,0,,0,,,0.069128149230381,,,,
07/03/2020,202010,WA,53,164,1723,1887,0,0,22,22,0,,0,0.008378588052754,0.013239736852849,7.05616047586193,0,0,24,60
14/03/2020,202011,WA,53,624,15037,15661,0,0,24,24,0,,0,0.008006206361521,0.012245353224894,7.44942891517336,0,0,60,109
21/03/2020,202012,WA,53,1236,25153,26389,0,0,60,60,0,,0,0.008083785880528,0.011247324495664,6.23640917486639,0,574,109,145
28/03/2020,202013,WA,53,2695,26266,28961,0,0,109,109,0,,0,0.007214895267649,0.009196590518071,3.94001483887067,574,362,145,129
04/04/2020,202014,WA,53,3055,25327,28382,0,174,145,145,0,,574,0.007292474786656,0.008084834629045,1.60963123449321,362,337,129,104
11/04/2020,202015,WA,53,2370,24707,27077,0,1318,129,129,0,,362,0.00633048875097,0.006627523139103,0.50911578156771,337,286.5,104,67
18/04/2020,202016,WA,53,1725,22573,24298,0,1195,104,104,0,,337,0.004173778122576,0.004028565929676,0.302930066040545,286.5,346.75,67,121
25/04/2020,202017,WA,53,1634,21110,22744,0,1126,67,67,0,,286.5,0.000946470131885,0.000544578130559,0.316554201305182,346.75,,121,
02/05/2020,202018,WA,53,321,6754,7075,0,574,121,121,0,,346.75,,,0,,,,
07/03/2020,202010,WI,55,0,12,12,0,0,0,0,0,,0,0.00944918541505,0.010618180015514,9.71403023821035,0,0,0,4
14/03/2020,202011,WI,55,18,138,156,0,0,0,0,0,,0,0.008983708301009,0.009877495436333,8.14452130894416,0,0,4,9
21/03/2020,202012,WI,55,262,4459,4721,0,0,4,4,0,,0,0.008456167571761,0.007964546286954,8.38259092965952,0,588,9,43
28/03/2020,202013,WI,55,708,10604,11312,0,0,9,9,0,,0,0.007742435996897,0.005261339181048,5.81347424284393,588,362,43,81
04/04/2020,202014,WI,55,1123,9321,10335,0,0,43,43,0,,588,0.008099301784329,0.004212279033961,1.87030165278609,362,226,81,74
11/04/2020,202015,WI,55,1101,10821,11922,0,369,81,81,0,,362,0.006873545384019,0.003649475397024,0.354234584755904,226,200,74,55
18/04/2020,202016,WI,55,986,9282,10268,348,1101,74,74,0,,226,0.004313421256788,0.002674775315957,0.366627180619243,200,113,55,42
25/04/2020,202017,WI,55,1488,13176,14664,0,1031,55,55,0,,200,0.000822342901474,0.000285775939999,6.00990687847925E-05,113,,42,
02/05/2020,202018,WI,55,833,9492,10325,0,504,42,42,0,,113,,,6.20052497463383E-05,,,,
07/03/2020,202010,WV,54,0,1,1,0,0,0,0,0,,0,0.006144297905353,0.005855490688953,8.00868873635382,0,1,0,0
14/03/2020,202011,WV,54,0,24,24,0,0,0,0,0,,0,0.005973622963538,0.005897044843494,7.0972064267918,1,0,0,0
21/03/2020,202012,WV,54,11,304,315,0,0,0,0,0,,1,0.005384018619085,0.004603762910949,6.21204321192206,0,0,0,2
28/03/2020,202013,WV,54,85,2001,2086,0,0,0,0,0,,0,0.00411171450737,0.00321425030473,2.73908040561343,0,0,2,3
04/04/2020,202014,WV,54,186,5073,5259,0,0,2,2,0,,0,0.003491078355314,0.002418160186163,0.900174460570752,0,164,3,11
11/04/2020,202015,WV,54,295,7471,7766,44,60,3,3,126,,0,0.0022187742436,0.001930445635502,0.140479632734733,164,0,11,16
18/04/2020,202016,WV,54,208,3780,3988,170,261,11,11,1227,,164,0.001008533747091,0.001302030175606,0.000468100153013,0,0,16,6
25/04/2020,202017,WV,54,235,13291,13526,157,273,16,16,2473,,0,0.000124127230411,0.000117372261071,0.038492448437017,0,,6,
02/05/2020,202018,WV,54,75,10030,10105,76,144,6,6,1895,,0,,,0.174669048867006,,,,
07/03/2020,202010,WY,56,0,0,0,0,0,0,0,0,,0,0.00077579519007,0.001172264570199,6.55530006845827,0,0,0,0
14/03/2020,202011,WY,56,2,0,2,0,0,0,0,0,,0,0.000961986035687,0.001194864198107,5.70535392920761,0,14,0,0
21/03/2020,202012,WY,56,21,438,459,0,0,0,0,0,,0,0.000915438324282,0.000929500825251,5.86003456206487,14,9,0,0
28/03/2020,202013,WY,56,59,1037,1096,0,0,0,0,54,,14,0.000651667959659,0.000691840222089,4.23472784267078,9,14,0,0
04/04/2020,202014,WY,56,105,1470,1575,0,0,0,0,218,,9,0.000620636152056,0.000487714550661,1.52111179152874,14,13,0,2
11/04/2020,202015,WY,56,74,2253,2327,0,0,0,0,554,,14,0.000403413498836,0.000385651714947,0.451987056324821,13,4,2,5
18/04/2020,202016,WY,56,44,1019,1063,0,0,2,2,1046,,13,0.000279286268425,0.000194648408111,0.057337043156628,4,2,5,0
25/04/2020,202017,WY,56,44,1640,1680,0,0,5,5,1868,,4,0,1.2393344336679E-05,0.013625610430176,2,,0,
02/05/2020,202018,WY,56,187,884,1071,0,0,0,0,1381,,2,,,0,,,,
